Time (ms) ,x-axis acceleration,y-axis acceleration,z-axis acceleration,x-axis gyroscope,y-axis gyroscope,z-axis gyroscope,x-axis magnetometer,y-axis magnetometer,z-axis magnetometer
0,1562,4488,-8880,16,-169,-79,-86,170,-86
10,1544,3810,-7920,14,-160,-73,-57,178,-109
20,1496,3488,-7246,29,-93,-26,-55,181,-108
30,1520,3542,-7192,40,-5,22,-55,179,-109
40,1484,3960,-7864,51,57,51,-56,178,-109
50,1418,4624,-8850,52,38,31,-57,181,-106
60,1346,4906,-9704,43,-69,-39,-57,177,-105
70,1350,5210,-9942,26,-205,-124,-56,183,-107
80,1536,5114,-9508,6,-338,-214,-56,181,-107
90,1478,5082,-9602,-11,-497,-316,-59,180,-107
100,1336,5344,-10022,-46,-679,-452,-57,180,-105
110,1338,5422,-10484,-50,-857,-554,-59,180,-106
120,1842,5368,-10344,-85,-1018,-658,-58,180,-108
130,1528,5032,-10072,-84,-1162,-746,-60,181,-107
140,1596,4770,-9620,-122,-1302,-833,-59,180,-107
150,1462,4322,-8688,-102,-1359,-838,-63,181,-107
160,1032,3898,-8142,-81,-1367,-823,-63,178,-103
170,1192,3534,-7908,-77,-1293,-776,-64,180,-105
180,1088,4042,-7700,-75,-1253,-757,-64,177,-105
190,894,4198,-8420,-87,-1213,-747,-66,180,-103
200,980,4612,-8466,-98,-1173,-753,-68,179,-103
210,666,4458,-8422,-118,-1173,-757,-67,178,-101
220,508,4446,-8000,-115,-1178,-731,-70,179,-103
230,-102,4576,-8350,-79,-1165,-680,-71,181,-102
240,-742,4584,-8604,-67,-1133,-667,-70,178,-102
250,-224,4304,-8186,-65,-1120,-662,-69,178,-102
260,-544,4154,-8448,-78,-1080,-673,-70,176,-100
270,-466,3920,-7612,-76,-1028,-653,-74,177,-100
280,-962,4148,-7670,-75,-1015,-608,-73,177,-99
290,-926,4414,-8500,-52,-999,-600,-75,177,-97
300,-574,4554,-8412,-45,-1013,-620,-76,176,-96
310,-1270,4824,-8814,-57,-1028,-651,-76,176,-96
320,-836,4436,-8116,-74,-1014,-648,-78,175,-96
330,-942,4380,-7692,-88,-975,-661,-76,177,-94
340,-788,4134,-7630,-89,-922,-642,-78,175,-97
350,-1114,4548,-8740,-74,-945,-636,-75,174,-95
360,-1604,4814,-9176,-71,-1020,-652,-81,175,-95
370,-1186,4712,-9128,-70,-1072,-680,-80,175,-93
380,-1778,4644,-8580,-76,-1103,-689,-80,172,-92
390,-1586,4576,-8778,-88,-1124,-711,-81,172,-93
400,-1642,3960,-8240,-82,-1117,-704,-82,173,-90
410,-1550,4180,-8018,-74,-1117,-689,-84,174,-91
420,-1326,4356,-7958,-84,-1087,-638,-84,172,-91
430,-1968,4752,-8306,-57,-1097,-619,-85,175,-89
440,-1960,4698,-8312,-69,-1078,-647,-83,173,-88
450,-2330,4836,-8524,-90,-1086,-668,-85,173,-90
460,-2252,4538,-8454,-84,-1132,-687,-85,172,-86
470,-1996,4432,-8038,-106,-1143,-716,-88,171,-87
480,-2998,4718,-7946,-87,-1135,-723,-88,171,-84
490,-2576,4190,-7440,-99,-1088,-699,-87,173,-86
500,-2688,4228,-7640,-100,-1075,-682,-89,170,-84
510,-2952,4456,-7628,-87,-1070,-629,-89,169,-82
520,-3340,4584,-7978,-52,-1061,-600,-90,168,-80
530,-3614,4590,-7596,-52,-1087,-635,-90,171,-81
540,-3498,4710,-7834,-74,-1121,-706,-91,170,-80
550,-3130,4206,-6884,-77,-1088,-728,-93,170,-80
560,-3308,4312,-7260,-73,-1050,-670,-96,168,-82
570,-3436,4230,-7276,-65,-1055,-646,-93,169,-77
580,-3622,4528,-7442,-96,-1027,-682,-95,169,-78
590,-3390,4746,-8170,-105,-1045,-713,-95,165,-77
600,-3698,4120,-7538,-88,-1083,-704,-95,167,-76
610,-3938,3926,-7446,-76,-1052,-646,-96,167,-76
620,-3606,3642,-7152,-65,-1022,-634,-97,167,-75
630,-3936,3708,-7402,-60,-978,-617,-97,165,-75
640,-3922,4354,-7696,-68,-1029,-656,-98,165,-73
650,-4528,4784,-8002,-55,-1081,-647,-98,164,-71
660,-4448,4460,-7808,-68,-1087,-623,-96,166,-74
670,-4162,3930,-6732,-64,-1071,-645,-98,166,-70
680,-4512,4112,-7144,-103,-1090,-654,-98,164,-69
690,-4498,4372,-7340,-81,-1081,-652,-98,164,-71
700,-4410,4098,-7062,-68,-1094,-679,-97,162,-68
710,-4588,4222,-6674,-88,-1095,-712,-101,163,-66
720,-4506,3706,-6342,-94,-1082,-671,-100,164,-67
730,-5154,4086,-6978,-87,-1118,-676,-102,164,-67
740,-5546,4116,-7176,-91,-1144,-676,-101,162,-65
750,-5480,4128,-6764,-95,-1168,-715,-101,161,-63
760,-5440,3994,-6446,-83,-1149,-701,-102,161,-62
770,-5390,3514,-5926,-70,-1066,-654,-103,159,-63
780,-5554,3450,-5434,-73,-1012,-621,-103,158,-62
790,-5198,3552,-6006,-58,-946,-601,-104,158,-59
800,-5360,3774,-6140,-52,-951,-583,-103,158,-61
810,-5624,3734,-6102,-64,-960,-589,-103,156,-60
820,-5658,3870,-6518,-61,-956,-595,-104,158,-59
830,-5602,3528,-5978,-75,-953,-607,-104,154,-58
840,-5924,3764,-6350,-72,-954,-611,-105,156,-56
850,-5786,3852,-7040,-58,-1002,-621,-105,154,-56
860,-5686,3662,-6434,-71,-1073,-661,-106,156,-58
870,-5704,3890,-6362,-91,-1116,-702,-105,155,-52
880,-5658,4076,-6520,-90,-1147,-733,-105,154,-51
890,-6276,4090,-6452,-98,-1194,-748,-108,154,-53
900,-6362,3360,-5824,-109,-1231,-749,-106,153,-50
910,-6268,3106,-5280,-88,-1198,-726,-106,154,-50
920,-5900,2782,-4794,-95,-1107,-703,-106,154,-51
930,-5996,3328,-5544,-94,-1084,-721,-107,152,-50
940,-6334,3448,-6000,-92,-1087,-675,-109,152,-47
950,-7010,3038,-5428,-89,-1123,-667,-108,151,-47
960,-6666,3392,-5568,-76,-1187,-731,-109,150,-47
970,-6436,3120,-5094,-72,-1189,-726,-110,149,-47
980,-6778,2868,-4552,-75,-1155,-687,-107,149,-43
990,-6704,2872,-4714,-66,-1128,-657,-109,148,-44
1000,-6506,3074,-4118,-87,-1086,-676,-108,149,-42
1010,-6998,2936,-3928,-90,-1053,-690,-109,148,-41
1020,-7266,3026,-4632,-99,-1046,-674,-109,148,-41
1030,-7498,2884,-4912,-96,-1069,-665,-108,147,-39
1040,-7172,2718,-4578,-85,-1114,-696,-110,147,-39
1050,-7068,2466,-3724,-79,-1059,-646,-109,147,-39
1060,-7128,2802,-4112,-73,-1002,-643,-108,145,-37
1070,-7544,3214,-4780,-73,-1008,-668,-109,147,-37
1080,-7756,3128,-4652,-79,-1049,-666,-111,143,-35
1090,-7950,2768,-4730,-63,-1106,-653,-108,145,-35
1100,-7712,2882,-4554,-86,-1133,-687,-110,144,-35
1110,-7282,2616,-4072,-72,-1105,-692,-109,145,-33
1120,-7210,2556,-3798,-83,-1072,-672,-109,143,-31
1130,-7238,2296,-3186,-99,-963,-629,-109,142,-32
1140,-7402,2238,-3830,-86,-925,-606,-108,142,-30
1150,-7836,2482,-4184,-73,-1009,-639,-112,142,-30
1160,-8696,2984,-4886,-79,-1139,-689,-111,140,-27
1170,-8268,2602,-4802,-81,-1287,-745,-110,142,-27
1180,-7294,1856,-2700,-88,-1227,-728,-110,141,-28
1190,-6922,1924,-2438,-89,-1089,-705,-108,140,-24
1200,-7358,1514,-2334,-65,-980,-616,-109,139,-25
1210,-7674,2034,-2604,-47,-934,-584,-111,139,-25
1220,-8246,2392,-4332,-68,-1010,-593,-108,138,-23
1230,-8962,2532,-3876,-51,-1092,-635,-107,137,-23
1240,-8436,2134,-3356,-77,-1233,-719,-109,137,-22
1250,-7864,1986,-2892,-93,-1281,-764,-109,136,-20
1260,-7788,1674,-1964,-110,-1203,-762,-108,135,-21
1270,-7462,1378,-1622,-116,-1091,-734,-108,136,-22
1280,-7774,1368,-2398,-90,-1078,-693,-110,134,-18
1290,-8664,1780,-2734,-80,-1072,-642,-108,135,-20
1300,-8384,1694,-2544,-92,-1094,-649,-108,133,-17
1310,-7786,1252,-1848,-99,-1121,-742,-107,134,-15
1320,-7754,854,-1336,-94,-1049,-685,-109,134,-15
1330,-7998,922,-2330,-50,-1010,-601,-107,132,-14
1340,-8162,1442,-1942,-28,-1043,-592,-107,132,-13
1350,-8334,1824,-2336,-59,-1074,-660,-106,131,-14
1360,-8330,1674,-2172,-71,-1117,-731,-106,134,-13
1370,-8370,1406,-2392,-95,-1200,-748,-108,130,-12
1380,-8108,882,-1562,-97,-1219,-713,-109,130,-12
1390,-8044,1068,-1530,-95,-1148,-685,-106,131,-9
1400,-8356,1382,-1338,-99,-1119,-757,-105,130,-10
1410,-8672,824,-1096,-126,-1121,-714,-105,128,-8
1420,-8346,470,-1354,-78,-1175,-673,-105,131,-6
1430,-7862,680,-744,-74,-1164,-689,-106,130,-8
1440,-8140,688,-998,-71,-1134,-703,-105,129,-4
1450,-8244,742,-934,-72,-1159,-724,-106,128,-6
1460,-7794,552,-350,-77,-1160,-711,-104,128,-6
1470,-8454,-284,1594,-92,-990,-729,-103,129,-4
1480,-7398,-1110,1684,-74,-802,-497,-104,128,-4
1490,-7482,-838,796,-32,-604,-312,-104,126,-4
1500,-8044,-434,1356,-17,-412,-247,-101,126,-5
1510,-8142,-636,1440,-2,-200,-125,-102,128,-3
1520,-7572,-444,296,35,-104,-62,-103,126,-4
1530,-8000,-440,786,73,-34,-29,-104,125,-4
1540,-8314,-252,338,86,40,46,-103,126,-3
1550,-8056,380,-82,92,45,38,-104,126,-3
1560,-8196,376,124,76,76,41,-104,129,-2
1570,-8224,446,-60,53,70,55,-102,127,-3
1580,-8060,588,-80,41,78,38,-101,127,-5
1590,-8322,474,-474,18,65,37,-101,128,-4
1600,-8446,556,-494,13,41,23,-103,127,-4
1610,-8450,446,-682,11,29,7,-102,126,-5
1620,-8482,334,-696,1,4,15,-103,123,-5
1630,-8462,242,-572,29,-1,15,-101,127,-4
1640,-8412,388,-620,36,10,20,-104,125,-5
1650,-8516,320,-272,45,38,22,-101,125,-6
1660,-8434,-156,266,54,148,113,-103,128,-5
1670,-7858,-332,536,68,290,213,-103,126,-4
1680,-7824,-376,984,98,478,324,-103,127,-4
1690,-7966,-412,574,133,674,441,-101,127,-6
1700,-8130,-210,280,162,793,525,-103,128,-5
1710,-8232,34,0,173,905,579,-104,127,-3
1720,-7864,-154,140,176,1003,694,-103,127,-5
1730,-7514,92,534,217,1115,765,-103,129,-8
1740,-7764,290,326,220,1204,804,-105,129,-6
1750,-8150,978,-604,199,1221,767,-104,128,-6
1760,-8120,1394,-1156,176,1185,731,-105,129,-9
1770,-8080,1098,-704,171,1161,732,-105,129,-8
1780,-7810,458,-10,150,1181,736,-106,133,-10
1790,-7614,652,-606,147,1227,722,-107,132,-8
1800,-7700,1040,-1686,160,1226,744,-108,132,-11
1810,-8104,1452,-1966,174,1200,750,-105,132,-11
1820,-8522,1454,-2264,168,1134,695,-109,131,-13
1830,-8302,1416,-2422,161,1108,693,-108,131,-13
1840,-8536,1578,-2614,165,1123,714,-108,132,-14
1850,-8216,1430,-2412,162,1132,727,-107,136,-15
1860,-8248,1824,-2526,157,1129,710,-109,134,-14
1870,-7912,1774,-3144,150,1109,697,-108,134,-17
1880,-8768,1510,-2840,171,1109,731,-109,135,-16
1890,-8090,1702,-2964,171,1096,727,-109,137,-21
1900,-7818,2150,-3680,171,1061,678,-107,138,-17
1910,-8368,2416,-3532,175,1023,679,-107,136,-21
1920,-8174,2092,-3398,185,1013,656,-109,137,-20
1930,-7968,1978,-2962,156,969,642,-109,137,-22
1940,-7562,2194,-2920,167,977,640,-112,137,-22
1950,-8156,2448,-2982,185,1001,672,-112,137,-22
1960,-7832,2260,-3430,161,936,633,-111,139,-25
1970,-8138,2324,-3146,149,905,600,-107,140,-26
1980,-7920,2158,-2854,164,932,618,-110,140,-25
1990,-7644,1872,-2466,147,965,624,-110,141,-29
2000,-7452,2318,-2804,143,1048,621,-108,141,-27
2010,-7054,2016,-3148,162,1074,668,-108,140,-25
2020,-8070,2650,-3706,159,1019,633,-110,141,-28
2030,-8030,2964,-4038,156,960,592,-109,144,-29
2040,-8006,2404,-3684,165,973,597,-110,142,-32
2050,-7612,2050,-3240,154,1005,641,-112,145,-31
2060,-6732,2188,-3268,155,1123,713,-108,143,-32
2070,-7092,2456,-3570,193,1220,745,-109,146,-34
2080,-7112,2336,-3598,187,1371,838,-110,143,-34
2090,-7278,3512,-6228,107,1175,603,-108,143,-34
2100,-7428,3766,-6286,144,978,615,-109,145,-36
2110,-7750,2860,-5062,144,948,676,-109,148,-38
2120,-6860,2776,-4264,149,847,558,-109,147,-38
2130,-6296,2458,-3978,147,924,642,-109,146,-38
2140,-6256,2790,-4222,180,979,650,-110,148,-40
2150,-6362,2780,-4124,187,1045,682,-108,151,-41
2160,-7030,3420,-5168,145,1063,675,-107,150,-42
2170,-7004,4010,-5772,141,1023,631,-107,147,-42
2180,-6968,3416,-5878,148,991,649,-110,150,-45
2190,-7066,2664,-4804,147,942,625,-106,149,-44
2200,-6508,2800,-5586,178,941,642,-109,150,-45
2210,-6022,3244,-5198,164,952,679,-108,151,-46
2220,-6442,3336,-4552,174,1006,613,-106,150,-47
2230,-6592,3382,-5460,159,995,661,-110,152,-48
2240,-6990,3728,-5722,141,1001,593,-104,153,-47
2250,-6656,3846,-5754,127,945,564,-105,152,-48
2260,-6204,3200,-5390,141,961,629,-108,153,-49
2270,-6000,2752,-4678,182,1026,694,-108,154,-52
2280,-5700,2822,-4070,162,1102,687,-106,152,-53
2290,-5630,3664,-5136,159,1183,665,-107,154,-54
2300,-5798,4016,-5610,132,1195,666,-108,157,-56
2310,-6116,3960,-7266,177,1137,695,-104,154,-53
2320,-6316,4034,-7550,179,985,692,-104,157,-55
2330,-6124,4114,-6814,178,958,639,-101,158,-57
2340,-5050,3764,-5666,166,1025,662,-104,158,-56
2350,-5028,3708,-5324,174,1128,694,-104,157,-58
2360,-5140,3632,-6808,164,1131,722,-103,159,-57
2370,-5440,3432,-6332,152,1122,710,-105,158,-60
2380,-5364,4042,-7568,162,1041,680,-104,159,-62
2390,-5478,4112,-7356,182,991,660,-102,159,-64
2400,-4976,4410,-7276,159,954,628,-101,161,-64
2410,-5034,4260,-6960,153,932,621,-100,159,-65
2420,-5206,4044,-6654,136,963,642,-101,162,-65
2430,-4968,3716,-6890,155,922,607,-101,162,-65
2440,-5328,4002,-7326,158,900,610,-99,160,-65
2450,-5044,4042,-7240,156,903,619,-101,162,-66
2460,-4746,3884,-6638,145,903,602,-101,163,-68
2470,-4064,3996,-6854,155,919,635,-100,165,-69
2480,-3978,4082,-6134,147,946,614,-99,165,-69
2490,-4036,3774,-5954,132,1051,628,-99,164,-71
2500,-3954,4208,-6614,142,1084,613,-98,163,-73
2510,-4552,3948,-7008,149,1053,659,-97,166,-71
2520,-4566,4120,-8476,168,994,666,-96,166,-72
2530,-3912,3894,-7412,187,952,645,-98,166,-74
2540,-4100,4328,-7372,158,926,599,-95,166,-73
2550,-3546,4490,-7036,151,957,617,-93,168,-76
2560,-3470,4344,-7204,164,995,669,-95,166,-76
2570,-3650,4240,-6992,175,1037,663,-93,167,-76
2580,-3534,4328,-7236,150,1114,654,-92,167,-78
2590,-2912,4216,-7152,120,1105,627,-94,166,-76
2600,-3266,4406,-8390,161,1069,675,-91,167,-80
2610,-3430,4712,-8740,189,979,668,-93,167,-79
2620,-3536,4586,-8254,153,947,607,-93,171,-81
2630,-2784,4286,-7808,143,970,626,-93,170,-81
2640,-2876,4408,-7230,158,965,635,-90,170,-83
2650,-2452,4212,-7246,157,1050,661,-90,170,-83
2660,-2314,4278,-7810,162,1079,694,-88,170,-84
2670,-3110,4390,-8140,176,1053,682,-88,169,-85
2680,-2788,4632,-8504,157,1006,642,-91,172,-84
2690,-2158,4566,-8008,157,1012,659,-87,171,-84
2700,-1964,4438,-7712,161,992,658,-86,172,-86
2710,-2326,4524,-7700,154,1015,647,-88,175,-90
2720,-2194,4556,-8024,134,999,636,-85,172,-86
2730,-2068,4112,-7904,154,993,650,-86,172,-88
2740,-2248,4170,-7914,169,987,668,-85,174,-87
2750,-1622,4192,-8082,165,986,654,-82,173,-92
2760,-1720,4632,-8208,161,993,619,-84,174,-91
2770,-1024,4764,-8200,141,1021,621,-81,174,-92
2780,-1376,4690,-7706,152,1042,658,-81,173,-92
2790,-1810,4514,-8644,159,1028,666,-82,176,-93
2800,-1212,3900,-8724,178,1024,689,-79,174,-95
2810,-1812,4224,-9088,184,993,650,-80,175,-96
2820,-1040,4802,-9276,158,960,603,-80,173,-94
2830,-644,4794,-8452,152,918,581,-77,177,-94
2840,-964,4596,-8242,140,923,600,-77,177,-98
2850,-390,4416,-7964,135,942,606,-76,174,-98
2860,-658,4190,-7672,133,986,647,-79,179,-97
2870,-494,3836,-7700,173,1021,685,-73,177,-96
2880,-224,4012,-7698,172,1087,707,-74,175,-99
2890,-2,4550,-8192,154,1104,692,-72,176,-101
2900,-6,5058,-8870,148,1103,686,-72,180,-101
2910,294,4910,-8976,142,1041,660,-69,176,-101
2920,58,4666,-8690,150,979,648,-69,176,-100
2930,88,4448,-8476,160,964,637,-70,176,-101
2940,10,4198,-8474,181,966,652,-70,179,-102
2950,146,4026,-8332,199,987,665,-68,178,-103
2960,680,3794,-8036,175,1021,631,-66,180,-102
2970,298,4680,-8812,138,1008,609,-66,178,-105
2980,1136,4436,-8490,154,1033,644,-66,180,-106
2990,586,4748,-8742,157,990,655,-64,178,-104
3000,1324,4358,-7916,150,1018,637,-63,179,-103
3010,904,4174,-8472,161,1015,627,-63,180,-106
3020,1254,3922,-8136,155,1010,640,-64,179,-105
3030,908,4010,-9148,171,1037,680,-63,183,-105
3040,1450,3822,-8522,167,1019,665,-59,177,-108
3050,1386,4468,-8896,147,986,637,-61,180,-106
3060,1324,5154,-8864,122,943,624,-58,181,-107
3070,1678,5326,-9500,140,850,585,-57,181,-107
3080,1456,5512,-10128,129,668,467,-56,180,-106
3090,1326,5806,-10978,94,463,302,-58,182,-107
3100,1612,5818,-11008,68,202,131,-56,179,-107
3110,1644,5538,-10620,38,-31,-22,-56,179,-108
3120,1800,4836,-9342,13,-181,-123,-56,180,-110
3130,1838,4024,-7970,4,-182,-123,-57,182,-108
3140,1792,3400,-7054,18,-123,-83,-57,179,-108
3150,1794,3198,-6904,41,-8,-10,-56,180,-107
3160,1688,3552,-7672,59,66,42,-57,179,-108
3170,1688,4144,-8614,64,85,58,-57,182,-110
3180,1538,4696,-9644,40,21,27,-56,181,-110
3190,1584,4828,-9728,35,-79,-20,-56,181,-110
3200,1564,4684,-9174,18,-164,-58,-55,179,-109
3210,1610,4100,-8078,5,-174,-67,-56,180,-109
3220,1564,3676,-7328,22,-126,-40,-55,181,-110
3230,1570,3556,-6990,32,-39,8,-57,178,-110
3240,1558,3822,-7426,57,46,37,-56,181,-108
3250,1468,4436,-8378,47,49,27,-58,178,-108
3260,1512,4926,-9210,50,-27,-35,-57,180,-108
3270,1418,5266,-9946,23,-155,-106,-57,180,-107
3280,1570,5112,-9730,11,-300,-198,-57,181,-106
3290,1376,4888,-9390,-10,-455,-285,-58,179,-106
3300,1108,5066,-9648,-33,-610,-393,-58,181,-105
3310,1324,5330,-10350,-38,-769,-489,-57,180,-106
3320,1576,5208,-10384,-54,-914,-580,-57,182,-108
3330,1756,5270,-9976,-79,-1059,-667,-59,180,-107
3340,1254,5168,-9494,-125,-1199,-751,-60,180,-106
3350,1522,4968,-9010,-119,-1265,-782,-62,180,-105
3360,1360,4364,-8826,-91,-1294,-790,-62,181,-106
3370,1184,4126,-8288,-99,-1259,-771,-63,180,-104
3380,1090,4022,-8086,-102,-1214,-743,-64,180,-104
3390,1188,3596,-7310,-102,-1147,-712,-64,179,-105
3400,810,4218,-7926,-83,-1063,-678,-65,181,-103
3410,796,4476,-8152,-98,-1047,-685,-66,179,-105
3420,866,4588,-8096,-106,-1045,-663,-69,179,-102
3430,368,4684,-8444,-87,-1034,-632,-69,178,-102
3440,198,4142,-7814,-69,-997,-581,-71,180,-103
3450,-400,4156,-8016,-53,-989,-561,-71,177,-101
3460,-412,4240,-8324,-63,-956,-582,-72,178,-98
3470,-178,4506,-8160,-69,-939,-588,-68,179,-102
3480,-550,4552,-8022,-64,-955,-582,-72,178,-100
3490,-752,4350,-7764,-58,-959,-575,-73,175,-99
3500,-394,4508,-7948,-56,-965,-592,-73,180,-100
3510,-402,4528,-8060,-53,-940,-595,-75,177,-98
3520,-732,4536,-7944,-46,-914,-596,-74,176,-97
3530,-624,4174,-7632,-62,-861,-599,-78,176,-98
3540,-878,4500,-8102,-59,-846,-611,-76,178,-96
3550,-848,4526,-8986,-58,-891,-599,-76,176,-97
3560,-1610,4800,-9348,-70,-974,-627,-75,175,-94
3570,-1042,4466,-8904,-57,-981,-618,-78,177,-94
3580,-1150,3916,-7780,-63,-973,-582,-80,174,-96
3590,-1138,4010,-7938,-72,-933,-582,-78,174,-93
3600,-1262,3938,-8076,-60,-896,-557,-80,176,-94
3610,-1410,4776,-9220,-42,-925,-574,-82,174,-93
3620,-1464,5370,-9542,-61,-1052,-599,-83,173,-92
3630,-1458,5232,-9206,-69,-1127,-639,-81,174,-93
3640,-1952,5030,-8454,-110,-1175,-714,-84,173,-91
3650,-1576,4192,-7366,-85,-1121,-676,-85,175,-90
3660,-1696,3964,-7272,-91,-1069,-670,-83,172,-89
3670,-1836,3884,-7260,-104,-1030,-665,-86,173,-87
3680,-2024,4022,-7234,-72,-940,-627,-85,172,-89
3690,-2658,4256,-8120,-74,-907,-614,-86,172,-89
3700,-2586,4346,-8050,-89,-918,-581,-86,171,-85
3710,-2784,4882,-8484,-60,-968,-582,-88,172,-85
3720,-2902,4556,-8438,-52,-984,-545,-86,169,-86
3730,-3022,4354,-8088,-43,-1029,-575,-87,171,-84
3740,-2842,4150,-7426,-65,-1034,-606,-89,169,-82
3750,-2864,4714,-7312,-77,-1015,-648,-90,171,-82
3760,-2768,4806,-7494,-64,-966,-615,-91,170,-82
3770,-2822,4940,-7938,-50,-993,-613,-91,170,-82
3780,-3092,4544,-7398,-91,-988,-678,-90,169,-81
3790,-2664,4514,-7552,-109,-966,-688,-93,170,-81
3800,-2816,4098,-7202,-76,-953,-657,-95,171,-78
3810,-3320,3712,-7298,-68,-878,-568,-92,168,-79
3820,-3338,4068,-7966,-45,-913,-576,-94,168,-81
3830,-3586,4348,-8458,-49,-940,-587,-94,166,-78
3840,-3414,4462,-8476,-71,-1039,-659,-95,168,-74
3850,-3558,4442,-7650,-68,-1078,-633,-94,167,-76
3860,-3530,3872,-6620,-41,-1009,-552,-96,167,-77
3870,-3658,4036,-7118,-51,-956,-569,-96,166,-74
3880,-3562,4250,-7206,-79,-937,-565,-96,164,-74
3890,-4150,4696,-7690,-71,-975,-598,-95,168,-72
3900,-4622,4814,-8046,-73,-1032,-656,-97,167,-72
3910,-4818,4624,-7510,-94,-1087,-701,-99,164,-71
3920,-4146,4030,-6774,-95,-1081,-680,-99,164,-72
3930,-4108,3576,-6088,-93,-1042,-645,-98,167,-69
3940,-4360,3448,-6134,-72,-968,-599,-100,162,-71
3950,-4320,3464,-6390,-56,-883,-556,-98,165,-69
3960,-5092,4370,-7272,-49,-893,-544,-101,161,-68
3970,-5572,4582,-7996,-39,-926,-545,-98,164,-68
3980,-5472,4398,-7318,-53,-1020,-613,-98,164,-67
3990,-4986,4330,-7046,-73,-1040,-636,-101,164,-67
4000,-4668,3914,-6182,-60,-1038,-613,-103,162,-66
4010,-4650,3912,-6248,-43,-988,-594,-102,160,-65
4020,-5166,3950,-6294,-70,-952,-595,-99,159,-65
4030,-5580,4490,-6524,-97,-942,-637,-102,161,-64
4040,-5552,4116,-6974,-90,-923,-638,-103,161,-63
4050,-5280,3394,-6460,-82,-913,-594,-101,160,-60
4060,-5484,3456,-6628,-73,-928,-585,-105,160,-60
4070,-5332,3818,-6676,-79,-938,-614,-103,158,-59
4080,-5494,4134,-7392,-46,-983,-626,-104,158,-58
4090,-5838,4012,-6922,-67,-1080,-618,-105,157,-59
4100,-6184,3988,-7066,-53,-1173,-643,-104,158,-58
4110,-5778,3654,-6036,-46,-1136,-654,-105,157,-55
4120,-5224,3000,-4718,-76,-1023,-641,-106,155,-56
4130,-5254,3256,-5048,-86,-944,-614,-107,156,-54
4140,-5958,3546,-5562,-62,-900,-584,-105,156,-55
4150,-6590,4106,-6228,-88,-890,-571,-106,154,-53
4160,-6810,3872,-6556,-104,-974,-634,-106,153,-53
4170,-6498,3466,-5796,-69,-993,-629,-107,155,-52
4180,-6374,3020,-5142,-67,-1004,-604,-109,153,-50
4190,-6008,2694,-4866,-54,-914,-521,-107,154,-50
4200,-6232,2964,-5038,-33,-876,-529,-108,152,-50
4210,-6474,3576,-5534,-42,-897,-562,-111,152,-48
4220,-6728,3854,-6022,-48,-959,-609,-107,153,-47
4230,-7168,4022,-6356,-65,-1038,-636,-108,152,-46
4240,-6998,3638,-5624,-93,-1111,-688,-106,151,-44
4250,-6526,3134,-4576,-94,-1077,-652,-107,150,-44
4260,-6430,3264,-5074,-85,-1024,-662,-109,149,-44
4270,-6568,3532,-5430,-109,-1008,-684,-111,151,-44
4280,-6698,3002,-4554,-105,-995,-669,-109,150,-43
4290,-7078,2324,-4630,-79,-947,-577,-109,148,-42
4300,-6896,2126,-4574,-75,-935,-554,-111,150,-41
4310,-6756,2720,-5042,-48,-895,-545,-109,149,-39
4320,-7150,3062,-5284,-35,-923,-558,-109,146,-39
4330,-7374,3162,-4868,-35,-917,-548,-108,148,-39
4340,-7378,3130,-5210,-43,-1000,-571,-111,146,-40
4350,-7498,3578,-5276,-31,-1087,-646,-110,147,-34
4360,-7540,3502,-5028,-74,-1132,-683,-112,144,-35
4370,-7178,3192,-4418,-91,-1213,-740,-111,144,-37
4380,-6978,2442,-3578,-104,-1150,-719,-109,145,-37
4390,-7000,2428,-3310,-127,-1059,-687,-110,143,-34
4400,-7128,2278,-2994,-123,-976,-674,-110,142,-33
4410,-7446,2034,-3456,-98,-917,-621,-111,143,-33
4420,-7788,1970,-4168,-84,-954,-592,-110,142,-31
4430,-7948,2084,-4138,-42,-984,-567,-110,140,-31
4440,-7636,1918,-3606,-27,-1033,-592,-111,143,-28
4450,-7214,2300,-3806,-15,-1059,-608,-113,144,-29
4460,-7470,2248,-2494,-38,-999,-606,-109,140,-29
4470,-8062,2390,-2842,-58,-953,-613,-111,141,-27
4480,-7544,2452,-3796,-52,-971,-602,-108,139,-28
4490,-8230,2804,-3896,-81,-970,-566,-110,141,-23
4500,-7896,2634,-3676,-104,-993,-608,-110,138,-25
4510,-7986,2404,-3430,-117,-1062,-730,-109,140,-24
4520,-8310,1946,-2810,-129,-1043,-687,-109,140,-23
4530,-7758,1516,-3370,-104,-1047,-635,-111,138,-21
4540,-7648,1224,-2642,-72,-1041,-613,-110,137,-23
4550,-7862,1650,-2784,-61,-1025,-608,-109,138,-21
4560,-8352,1714,-2166,-45,-1011,-657,-110,138,-19
4570,-8174,1682,-3010,-53,-1042,-637,-110,137,-21
4580,-8174,1332,-2346,-31,-1051,-589,-109,137,-19
4590,-7762,1970,-2758,-54,-1007,-575,-110,134,-17
4600,-8550,2576,-3104,-65,-1083,-729,-108,136,-18
4610,-8628,1920,-2438,-94,-1107,-687,-109,136,-14
4620,-8000,1440,-2340,-91,-1155,-666,-109,134,-16
4630,-7802,1110,-690,-86,-1084,-648,-110,135,-15
4640,-7872,1296,-1750,-110,-939,-590,-107,134,-15
4650,-7764,1162,-2020,-83,-947,-609,-107,130,-16
4660,-8884,970,-1142,-63,-881,-582,-108,132,-13
4670,-8282,422,-880,-72,-833,-492,-109,131,-13
4680,-7700,310,-560,-23,-731,-448,-107,133,-12
4690,-7988,204,-226,-6,-575,-356,-107,132,-11
4700,-8220,340,-324,20,-431,-230,-107,132,-11
4710,-8252,692,-562,34,-306,-187,-105,133,-13
4720,-8352,576,-186,28,-157,-98,-106,131,-11
4730,-7750,454,-568,20,-75,-41,-106,131,-10
4740,-7688,500,-452,40,15,-5,-107,129,-12
4750,-8198,642,-1052,51,91,62,-109,131,-11
4760,-8566,1278,-2116,74,57,46,-109,132,-10
4770,-8832,1360,-1834,64,-10,15,-106,132,-11
4780,-8514,1120,-1258,45,-12,-25,-105,131,-10
4790,-7934,852,-1144,45,16,6,-106,131,-13
4800,-8010,808,-890,41,91,55,-107,131,-9
4810,-8306,1022,-1680,36,113,83,-108,129,-10
4820,-8540,1520,-2186,42,55,50,-104,130,-11
4830,-8626,1616,-2112,29,-6,-7,-107,130,-10
4840,-8594,1206,-1896,8,-46,-27,-107,131,-12
4850,-8322,744,-1084,26,-8,2,-107,129,-11
4860,-8138,392,-726,28,115,101,-111,133,-15
4870,-7724,252,-340,60,270,210,-108,130,-13
4880,-7964,460,-676,104,427,279,-106,130,-11
4890,-8244,360,-624,116,575,386,-107,131,-12
4900,-8024,220,-606,158,713,471,-111,133,-11
4910,-8250,694,-1092,167,803,526,-107,133,-13
4920,-7558,706,-348,149,918,633,-108,132,-15
4930,-7458,930,-1000,200,1021,673,-107,132,-15
4940,-7846,984,-796,201,1090,749,-110,134,-16
4950,-8224,1506,-1184,171,1148,706,-107,133,-15
4960,-7458,1902,-2590,157,1143,706,-108,133,-18
4970,-8360,1944,-2036,164,1107,702,-108,136,-15
4980,-8286,1546,-2072,144,1092,687,-110,133,-20
4990,-7942,1644,-2356,157,1058,632,-108,134,-18
5000,-7960,2086,-2728,129,1023,614,-110,136,-19
5010,-8066,2102,-3136,133,995,598,-108,138,-20
5020,-7732,1462,-2194,148,1004,617,-109,137,-22
5030,-7884,1720,-3018,152,1031,655,-109,138,-23
5040,-7916,1976,-3270,154,1059,653,-110,138,-24
5050,-8198,2086,-3284,144,1032,636,-109,137,-23
5060,-8256,2248,-3920,140,1028,633,-108,137,-24
5070,-7830,2038,-3550,157,1021,671,-109,139,-26
5080,-7876,1874,-4236,180,996,685,-110,140,-25
5090,-7930,2402,-4192,168,928,645,-109,139,-28
5100,-8314,2744,-4442,175,900,618,-108,140,-27
5110,-8152,2904,-4374,170,856,547,-111,140,-26
5120,-8106,2618,-4334,143,791,534,-108,144,-29
5130,-7316,2470,-3576,143,805,570,-109,142,-31
5140,-7164,2242,-3358,158,824,555,-110,143,-31
5150,-7958,2310,-3044,127,912,567,-111,143,-31
5160,-7116,2152,-3834,139,968,605,-110,143,-32
5170,-7294,2424,-3866,144,924,632,-111,144,-33
5180,-7454,1886,-2706,146,1012,643,-109,143,-33
5190,-7532,2642,-4314,165,998,630,-111,144,-33
5200,-7882,2750,-3988,184,1015,647,-110,146,-37
5210,-7156,2870,-4396,153,1009,662,-108,145,-36
5220,-6700,2726,-4678,164,890,562,-110,145,-37
5230,-7066,3034,-3688,116,847,483,-109,145,-36
5240,-6868,2698,-4132,137,978,550,-108,147,-41
5250,-7320,2600,-3744,144,1078,669,-109,147,-41
5260,-5202,3308,-5368,134,1011,710,-109,146,-39
5270,-6468,3546,-4286,218,1053,682,-113,149,-45
5280,-7216,2956,-4726,119,1055,568,-108,148,-42
5290,-6686,3834,-6796,114,939,471,-108,150,-43
5300,-6958,2754,-5458,140,895,616,-109,150,-42
5310,-6590,3032,-5528,142,872,582,-108,150,-44
5320,-6392,3144,-4868,141,925,583,-106,152,-45
5330,-6278,3348,-5882,168,980,600,-110,150,-46
5340,-6792,3208,-6174,177,924,632,-109,151,-48
5350,-6530,3798,-6172,158,886,629,-105,152,-49
5360,-6036,3722,-5342,127,884,534,-106,151,-49
5370,-5978,3288,-5316,125,914,572,-107,153,-50
5380,-6348,3320,-5490,148,902,602,-106,154,-50
5390,-7324,2928,-5102,136,942,617,-105,153,-48
5400,-6160,2970,-6070,163,924,631,-109,153,-51
5410,-5976,3378,-5256,164,907,618,-105,156,-52
5420,-5824,3568,-5210,153,941,610,-106,153,-53
5430,-6118,3742,-5688,157,923,584,-106,155,-55
5440,-6320,3814,-5676,138,942,580,-106,156,-53
5450,-5488,3678,-5604,135,939,563,-105,154,-53
5460,-5942,3460,-5950,166,958,612,-105,157,-55
5470,-5400,3100,-5726,173,996,672,-105,155,-59
5480,-5168,3424,-5674,166,999,641,-106,160,-58
5490,-5096,4468,-6386,136,1018,606,-103,157,-59
5500,-5554,4556,-6736,127,986,528,-103,157,-62
5510,-5490,4080,-6400,119,970,554,-104,159,-60
5520,-5266,3736,-7174,137,884,592,-103,160,-61
5530,-5112,3376,-6420,168,892,633,-104,159,-63
5540,-4586,3656,-5980,179,975,644,-101,160,-64
5550,-4924,4012,-6608,166,1031,635,-104,160,-64
5560,-4844,3964,-7256,165,1000,626,-101,161,-62
5570,-5026,4236,-7628,154,929,620,-102,161,-64
5580,-4910,4020,-7334,153,878,596,-102,160,-65
5590,-4876,3934,-7148,149,820,553,-99,162,-69
5600,-4028,4172,-6594,133,854,568,-100,162,-70
5610,-4090,4068,-6448,153,868,581,-99,164,-70
5620,-4158,3808,-6746,137,919,608,-96,164,-71
5630,-4804,4390,-6904,138,912,545,-97,164,-70
5640,-4656,4076,-7608,133,892,564,-97,164,-69
5650,-4960,3770,-7644,152,849,583,-96,164,-72
5660,-4548,3758,-7160,146,875,585,-97,166,-72
5670,-4264,3978,-7276,157,903,640,-98,166,-75
5680,-4234,4248,-7104,165,903,620,-97,166,-75
5690,-3786,4664,-6948,152,950,609,-97,166,-74
5700,-4110,4884,-7518,147,954,552,-96,166,-76
5710,-3704,4686,-8012,125,922,558,-95,168,-75
5720,-3742,4008,-7562,141,921,598,-94,165,-77
5730,-3486,4122,-7530,158,911,594,-95,167,-76
5740,-3140,4102,-7396,143,953,587,-94,168,-78
5750,-3158,4300,-7532,159,982,611,-92,169,-78
5760,-3200,4640,-7978,162,1002,654,-92,168,-81
5770,-3408,4470,-8104,166,974,626,-93,168,-81
5780,-3264,4626,-8426,144,976,594,-91,172,-81
5790,-2908,4374,-8046,130,943,558,-91,171,-81
5800,-2798,4026,-7778,157,923,613,-89,172,-80
5810,-2848,4160,-7876,189,931,662,-89,170,-83
5820,-2588,4492,-7880,163,927,631,-91,169,-84
5830,-2824,5046,-8572,146,911,591,-88,171,-86
5840,-2730,5118,-8524,138,853,550,-87,171,-86
5850,-2460,4802,-8078,123,852,522,-88,172,-86
5860,-2126,4062,-7450,123,892,555,-88,172,-86
5870,-2052,4088,-7478,129,900,552,-86,173,-87
5880,-2170,4352,-8186,122,930,580,-86,173,-89
5890,-2360,4260,-8088,158,927,605,-86,173,-91
5900,-2214,4388,-8380,161,918,626,-85,173,-89
5910,-2442,4668,-8034,150,897,597,-83,174,-90
5920,-1922,4772,-8194,134,907,594,-82,172,-91
5930,-1636,4550,-7918,151,906,592,-82,173,-92
5940,-1562,4346,-8220,159,901,611,-82,173,-91
5950,-1632,4330,-8494,150,882,595,-80,173,-92
5960,-1340,4742,-8152,147,886,554,-83,175,-92
5970,-1270,4898,-8108,137,930,560,-80,173,-93
5980,-1104,4622,-7908,138,950,576,-80,174,-94
5990,-1192,4344,-8684,146,960,589,-79,176,-95
6000,-1446,3714,-8650,164,931,596,-77,175,-93
6010,-1046,3660,-8612,159,922,575,-78,177,-97
6020,-996,3832,-8276,162,928,596,-78,177,-96
6030,-302,4316,-8050,156,930,599,-78,177,-98
6040,-458,4866,-8260,145,987,661,-75,176,-99
6050,-696,4662,-8730,154,939,652,-76,174,-99
6060,8,4582,-8676,163,947,651,-72,176,-96
6070,-638,4510,-8854,161,936,638,-73,176,-100
6080,-216,4274,-8106,162,917,624,-72,178,-101
6090,142,4666,-8420,151,934,598,-74,180,-104
6100,254,4812,-8494,144,945,580,-71,176,-101
6110,412,4784,-8702,118,915,545,-70,178,-101
6120,344,4748,-8392,128,901,559,-69,176,-103
6130,132,4498,-8528,153,884,567,-70,180,-102
6140,104,4262,-8648,179,880,581,-68,179,-102
6150,274,3816,-8642,174,889,587,-67,179,-101
6160,212,3924,-8738,150,908,564,-66,178,-103
6170,670,3994,-8278,120,913,554,-67,178,-104
6180,788,4380,-8174,126,944,609,-66,180,-104
6190,580,4412,-8356,159,930,662,-64,181,-105
6200,1058,4310,-8254,160,938,630,-62,179,-103
6210,1190,4678,-8856,150,963,612,-62,181,-105
6220,1112,4560,-8842,158,937,596,-61,178,-107
6230,1334,4216,-8808,170,938,603,-61,180,-108
6240,1434,4070,-8236,156,898,566,-60,178,-106
6250,1688,4506,-8428,121,860,521,-60,180,-107
6260,1818,4778,-8502,131,816,522,-58,179,-106
6270,1814,4998,-9204,136,737,479,-56,181,-107
6280,1388,5216,-9914,117,586,399,-58,179,-107
6290,1536,5560,-10586,86,380,252,-59,181,-110
6300,1628,5702,-10928,61,139,103,-56,181,-108
6310,1658,5320,-10344,33,-79,-40,-55,179,-108
6320,1722,4542,-8952,14,-190,-110,-57,181,-109
6330,1788,3794,-7570,9,-173,-99,-57,181,-108
6340,1846,3388,-6812,27,-88,-47,-58,179,-109
6350,1780,3444,-7050,44,18,17,-56,181,-109
6360,1784,3824,-7906,63,84,54,-54,180,-109
6370,1672,4460,-8962,62,70,34,-57,179,-109
6380,1488,4802,-9764,30,-11,-5,-55,180,-109
6390,1572,4806,-9492,35,-110,-45,-57,179,-110
6400,1552,4464,-8762,15,-159,-77,-56,180,-110
6410,1572,3858,-7874,19,-152,-65,-56,181,-109
6420,1528,3490,-7276,28,-88,-27,-55,181,-109
6430,1532,3552,-7188,38,-11,18,-54,180,-109
6440,1514,3968,-7746,49,60,46,-55,179,-108
6450,1480,4490,-8558,55,56,45,-56,180,-110
6460,1430,4826,-9178,45,11,12,-57,178,-109
6470,1404,4962,-9392,27,-89,-49,-57,179,-109
6480,1502,4710,-8940,33,-188,-110,-56,180,-108
6490,1540,4540,-8642,6,-253,-168,-55,180,-108
6500,1492,4452,-8738,9,-335,-216,-58,183,-109
6510,1342,4816,-9468,9,-462,-293,-57,179,-107
6520,1778,5036,-9960,-22,-632,-401,-55,179,-107
6530,1426,5546,-10848,-43,-801,-513,-56,179,-107
6540,1384,5462,-10730,-50,-1011,-606,-59,180,-108
6550,1360,5160,-9968,-85,-1139,-695,-61,180,-107
6560,1050,4558,-9244,-95,-1223,-771,-61,178,-106
6570,1638,3838,-8308,-108,-1223,-782,-61,180,-105
6580,1588,3882,-7830,-101,-1214,-774,-62,181,-105
6590,1078,4264,-8682,-90,-1171,-756,-64,180,-103
6600,988,4208,-8214,-99,-1150,-737,-67,181,-105
6610,1246,4354,-8228,-121,-1084,-692,-66,179,-103
6620,344,4356,-8732,-91,-1081,-663,-65,179,-103
6630,440,4026,-8398,-74,-1063,-649,-66,178,-102
6640,408,3710,-8042,-78,-1027,-659,-67,181,-103
6650,178,3882,-7706,-100,-1006,-660,-68,179,-101
6660,-66,4254,-7748,-90,-961,-606,-70,177,-101
6670,-224,4672,-8360,-89,-980,-585,-68,178,-101
6680,-384,4660,-8530,-64,-974,-536,-71,177,-100
6690,-300,4778,-8192,-73,-961,-551,-73,178,-101
6700,-328,4584,-7900,-82,-968,-582,-72,178,-99
6710,-286,4720,-7858,-77,-959,-597,-73,178,-99
6720,-566,4536,-8152,-70,-969,-611,-74,177,-98
6730,-258,4492,-7764,-66,-918,-613,-75,176,-98
6740,-592,4310,-7844,-55,-889,-597,-76,177,-99
6750,-712,4402,-8294,-42,-871,-556,-77,176,-97
6760,-816,4484,-8320,-38,-867,-574,-78,175,-97
6770,-666,4540,-8898,-61,-878,-606,-77,177,-95
6780,-832,4318,-8954,-81,-948,-651,-79,175,-97
6790,-924,4220,-8376,-83,-986,-636,-78,175,-93
6800,-756,3682,-7922,-69,-976,-581,-78,174,-94
6810,-814,3998,-7638,-54,-962,-551,-79,176,-93
6820,-1504,4380,-8304,-29,-907,-493,-80,176,-95
6830,-1394,5204,-9240,-30,-955,-542,-84,176,-91
6840,-1500,5370,-9318,-94,-1038,-638,-81,175,-94
6850,-1636,5284,-9184,-109,-1130,-710,-82,174,-91
6860,-1912,4424,-7888,-115,-1164,-737,-83,173,-92
6870,-1220,4138,-7144,-92,-1119,-701,-84,172,-90
6880,-1936,4082,-6960,-92,-1060,-676,-85,173,-89
6890,-2038,3962,-7144,-73,-985,-639,-86,174,-88
6900,-2156,4354,-7608,-62,-929,-613,-87,172,-87
6910,-2636,4352,-8300,-65,-920,-562,-85,172,-88
6920,-3160,4194,-8330,-46,-921,-554,-88,174,-87
6930,-2662,4498,-8204,-70,-975,-603,-89,170,-86
6940,-2764,4738,-8240,-76,-980,-609,-87,171,-84
6950,-2828,4556,-7836,-70,-1025,-611,-88,171,-85
6960,-3174,4436,-7732,-46,-1017,-574,-90,169,-81
6970,-3052,4190,-7334,-45,-986,-563,-90,171,-82
6980,-2786,4782,-7288,-79,-975,-628,-90,169,-81
6990,-2756,5064,-7888,-78,-996,-684,-94,170,-83
7000,-2838,4260,-7646,-65,-984,-654,-93,168,-81
7010,-3264,4102,-7666,-69,-992,-670,-93,172,-83
7020,-2974,3770,-6768,-88,-911,-626,-92,168,-78
7030,-3202,4082,-7602,-92,-889,-606,-94,169,-78
7040,-3344,4612,-7876,-73,-897,-586,-95,169,-78
7050,-3664,4766,-8986,-57,-980,-581,-95,167,-79
7060,-3740,4138,-8228,-51,-1075,-631,-95,167,-75
7070,-3632,3900,-7230,-74,-1078,-652,-94,167,-76
7080,-3376,3848,-6888,-50,-1003,-597,-94,166,-76
7090,-3220,3962,-6598,-50,-972,-567,-96,167,-73
7100,-3942,4348,-7396,-69,-956,-580,-98,166,-75
7110,-4448,4918,-8174,-64,-975,-594,-95,166,-74
7120,-4520,4732,-7796,-87,-1044,-663,-97,163,-72
7130,-4304,4166,-6994,-97,-1070,-660,-97,164,-72
7140,-4228,3610,-6266,-87,-1028,-673,-99,164,-70
7150,-4488,3422,-5836,-105,-986,-660,-99,165,-72
7160,-4370,3310,-5848,-73,-896,-587,-100,163,-68
7170,-4982,4028,-6962,-53,-882,-544,-99,162,-70
7180,-5208,4134,-7258,-54,-902,-541,-97,162,-68
7190,-5168,4932,-8112,-65,-994,-592,-97,163,-67
7200,-5344,4554,-6890,-37,-1048,-606,-103,162,-68
7210,-4788,3872,-6174,-77,-1055,-637,-99,162,-67
7220,-4408,3794,-5718,-84,-984,-643,-102,162,-64
7230,-4748,3902,-6148,-84,-950,-638,-103,159,-63
7240,-5262,4172,-7026,-71,-953,-623,-102,161,-63
7250,-5438,4238,-6478,-82,-921,-631,-104,161,-62
7260,-5392,3692,-6872,-98,-940,-598,-104,162,-60
7270,-5172,3698,-6274,-72,-919,-597,-103,157,-61
7280,-5404,3552,-6674,-72,-921,-584,-103,161,-59
7290,-5774,3672,-7084,-42,-970,-569,-104,157,-59
7300,-5940,3830,-7628,-32,-1056,-628,-104,158,-58
7310,-6180,4306,-7058,-67,-1131,-664,-105,157,-59
7320,-5724,4182,-5908,-74,-1134,-713,-106,156,-59
7330,-5300,3694,-5360,-93,-1086,-668,-105,157,-55
7340,-5460,2922,-4902,-64,-997,-589,-105,154,-55
7350,-5424,3140,-5236,-65,-938,-567,-107,158,-54
7360,-6058,3734,-5778,-62,-875,-568,-106,154,-54
7370,-6214,3824,-6442,-50,-902,-588,-106,156,-52
7380,-6690,3482,-6260,-82,-983,-586,-105,155,-52
7390,-6316,3484,-5948,-80,-1008,-605,-107,155,-52
7400,-6200,2964,-4846,-65,-954,-614,-107,153,-50
7410,-6078,3074,-5302,-51,-909,-572,-108,152,-46
7420,-6172,2954,-5478,-25,-907,-515,-110,155,-49
7430,-6918,3662,-5840,-30,-937,-544,-111,151,-48
7440,-7388,4108,-6416,-59,-991,-601,-108,153,-48
7450,-6878,4058,-6108,-75,-1079,-678,-107,152,-47
7460,-6394,3186,-4908,-104,-1090,-681,-109,151,-44
7470,-6542,3150,-4396,-102,-1021,-662,-108,150,-43
7480,-6468,2940,-5006,-91,-1035,-669,-109,147,-42
7490,-6684,3052,-4884,-109,-1030,-668,-108,150,-42
7500,-6440,2556,-4640,-107,-983,-651,-110,151,-41
7510,-6610,2946,-5132,-97,-932,-608,-108,148,-43
7520,-7158,2588,-4590,-60,-879,-542,-109,150,-40
7530,-7446,2740,-5104,-49,-899,-553,-110,149,-39
7540,-7388,2704,-4792,-30,-933,-544,-110,147,-39
7550,-7332,2868,-4946,-13,-961,-540,-107,145,-38
7560,-7004,3318,-5218,-31,-1064,-603,-109,145,-38
7570,-7032,3414,-4632,-56,-1128,-642,-111,146,-35
7580,-7236,3632,-4758,-86,-1174,-700,-109,145,-34
7590,-7252,3110,-3710,-108,-1178,-782,-111,145,-36
7600,-7350,2216,-3418,-121,-1093,-702,-109,145,-35
7610,-6806,1926,-3166,-111,-1038,-659,-109,144,-32
7620,-7156,1836,-3150,-89,-963,-598,-108,142,-32
7630,-7668,2390,-3952,-95,-941,-580,-112,144,-34
7640,-7560,2124,-3988,-62,-948,-616,-109,142,-31
7650,-8072,2396,-3880,-63,-984,-618,-110,143,-32
7660,-7680,2442,-3880,-47,-1019,-624,-111,142,-29
7670,-7672,2170,-3378,-40,-1051,-644,-111,141,-30
7680,-7106,1906,-3268,-19,-995,-556,-110,143,-27
7690,-7602,2422,-2868,-35,-957,-544,-111,140,-27
7700,-7840,2818,-3236,-75,-936,-616,-110,142,-27
7710,-8014,2582,-3596,-98,-931,-650,-111,140,-25
7720,-8236,2518,-4344,-111,-1029,-679,-110,137,-23
7730,-8484,2046,-3310,-123,-1092,-680,-110,138,-24
7740,-7898,1608,-2728,-119,-1077,-665,-109,139,-24
7750,-7730,1858,-2612,-104,-1048,-684,-109,138,-22
7760,-7628,1312,-2498,-97,-995,-672,-111,137,-22
7770,-8038,1478,-3236,-62,-1042,-637,-109,137,-21
7780,-7842,1554,-2820,-31,-1052,-580,-110,138,-20
7790,-7986,2114,-2180,-52,-1042,-653,-109,136,-17
7800,-8398,1552,-2078,-63,-963,-629,-109,134,-19
7810,-8580,1976,-3740,-38,-1071,-612,-109,134,-18
7820,-8886,2226,-2426,-37,-1126,-624,-110,136,-17
7830,-7530,1810,-1838,-101,-1109,-670,-111,137,-19
7840,-7256,1422,-1060,-104,-1093,-738,-107,133,-18
7850,-7864,778,-590,-106,-947,-636,-109,134,-14
7860,-8102,956,-2022,-91,-931,-581,-110,134,-15
7870,-8398,1078,-1914,-54,-953,-579,-110,130,-12
7880,-8664,1140,-1852,-63,-893,-532,-106,133,-13
7890,-8312,692,-1042,-50,-809,-495,-107,133,-14
7900,-7974,352,-380,-16,-679,-430,-108,132,-12
7910,-7738,172,-38,-14,-505,-300,-108,132,-11
7920,-8042,476,-372,32,-339,-208,-107,133,-11
7930,-8292,726,-442,22,-233,-145,-106,132,-12
7940,-8096,590,-432,25,-112,-76,-108,131,-11
7950,-7686,328,-494,38,-26,-12,-105,132,-11
7960,-7896,480,-472,49,61,25,-106,130,-10
7970,-8536,830,-1414,66,111,62,-109,131,-10
7980,-8710,1384,-2090,61,33,9,-107,131,-9
7990,-8700,1392,-1704,52,-17,-15,-107,130,-11
8000,-8320,876,-1204,54,-16,5,-106,132,-12
8010,-7918,848,-876,40,33,25,-107,131,-10
8020,-8124,840,-1064,37,114,66,-106,130,-11
8030,-8440,1182,-2016,42,103,77,-104,129,-13
8040,-8594,1556,-2130,27,25,24,-105,131,-11
8050,-8646,1236,-1428,13,34,7,-109,130,-10
8060,-8234,498,-862,15,119,73,-109,133,-12
8070,-7706,64,-396,48,268,179,-107,133,-12
8080,-7858,58,-510,92,425,311,-106,130,-11
8090,-7866,240,-436,126,604,413,-109,131,-14
8100,-7892,460,-900,160,732,484,-107,133,-13
8110,-8470,764,-980,167,828,523,-108,131,-12
8120,-7780,526,-916,170,927,628,-108,133,-12
8130,-7892,902,-1046,190,1003,714,-110,133,-16
8140,-7920,1080,-858,220,1090,736,-107,134,-13
8150,-7982,1592,-1216,167,1136,716,-110,135,-16
8160,-7342,2098,-2952,167,1126,689,-108,134,-15
8170,-8356,1874,-2126,167,1108,706,-109,136,-16
8180,-7956,1572,-1944,138,1095,705,-109,135,-17
8190,-8054,1952,-2564,141,1057,629,-106,136,-19
8200,-7824,1994,-2782,118,1009,600,-110,135,-17
8210,-7770,1902,-3040,127,972,585,-110,137,-17
8220,-7050,1076,-1882,143,998,628,-109,136,-20
8230,-7508,1552,-2506,153,1043,665,-111,139,-22
8240,-7726,1952,-3172,166,1071,665,-114,140,-25
8250,-8352,2238,-3450,159,1023,639,-111,136,-23
8260,-8414,2310,-3824,142,1003,625,-109,139,-24
8270,-7602,1934,-3536,153,998,665,-110,139,-24
8280,-7610,1896,-4070,182,948,667,-110,139,-23
8290,-7574,2108,-3620,171,946,672,-109,140,-27
8300,-8056,2800,-4156,177,988,614,-111,140,-28
8310,-7864,2718,-4098,140,898,537,-110,140,-27
8320,-7702,2554,-3674,121,851,546,-109,143,-30
8330,-7338,2040,-3334,134,852,528,-110,140,-30
8340,-7296,2298,-3578,137,848,538,-109,143,-31
8350,-7814,2410,-3814,147,871,571,-109,143,-31
8360,-7556,2096,-3400,173,943,660,-112,144,-34
8370,-7308,2664,-3882,139,931,627,-109,144,-31
8380,-7370,2080,-3024,151,984,599,-108,145,-32
8390,-7370,2498,-3916,157,999,656,-110,145,-34
8400,-7762,2794,-4106,184,1034,647,-110,145,-35
8410,-7208,2952,-4360,143,1034,658,-110,145,-34
8420,-6984,2714,-4520,157,920,576,-108,146,-36
8430,-7284,2952,-4770,144,828,521,-108,146,-38
8440,-7792,2836,-4186,137,906,526,-109,146,-40
8450,-7484,2312,-4036,128,1032,622,-108,148,-39
8460,-5378,2772,-5786,177,977,775,-107,149,-39
8470,-7024,2700,-3412,209,993,692,-109,148,-40
8480,-6930,3340,-5000,115,1085,580,-108,149,-42
8490,-6622,4118,-6814,141,974,517,-109,150,-42
8500,-7500,2926,-5250,120,926,616,-107,150,-45
8510,-6560,3016,-5642,132,855,562,-108,152,-44
8520,-6578,3196,-4796,164,911,569,-108,149,-44
8530,-6432,3162,-5972,163,975,620,-108,149,-46
8540,-6784,3210,-6308,168,911,638,-107,150,-45
8550,-6538,3822,-5784,161,912,650,-107,154,-48
8560,-6088,3724,-5282,137,905,534,-107,151,-48
8570,-6238,3442,-5076,122,926,577,-110,151,-49
8580,-6482,3482,-5626,135,904,598,-108,154,-49
8590,-7194,3350,-5814,137,933,621,-107,154,-53
8600,-6044,2972,-6268,161,908,632,-107,155,-52
8610,-5812,3262,-5222,164,895,608,-105,155,-51
8620,-5964,3662,-5106,155,936,598,-104,154,-55
8630,-5854,3726,-5632,152,930,590,-106,153,-56
8640,-6066,3782,-5702,144,947,581,-105,157,-56
8650,-5504,3882,-6094,132,925,564,-107,153,-57
8660,-5626,3442,-5502,162,966,606,-104,156,-56
8670,-5330,2828,-5450,163,1004,669,-105,158,-56
8680,-5010,3234,-5730,170,1014,652,-104,158,-58
8690,-5138,4206,-6216,135,1050,621,-103,160,-58
8700,-5606,4642,-6564,115,1013,538,-105,160,-61
8710,-5602,4224,-7602,130,949,560,-103,159,-61
8720,-5290,3588,-7134,152,846,583,-103,159,-61
8730,-5054,3572,-6158,165,881,592,-102,158,-61
8740,-4682,3672,-5796,166,949,617,-102,159,-63
8750,-4520,3722,-6378,158,1029,631,-101,162,-65
8760,-4764,4032,-7138,164,1009,622,-100,160,-65
8770,-5476,4308,-7820,162,939,609,-101,161,-65
8780,-4844,3918,-7944,158,887,594,-100,161,-67
8790,-4904,3866,-7334,143,816,561,-100,162,-67
8800,-4116,4110,-6664,129,859,578,-99,162,-68
8810,-4170,3938,-6362,140,870,583,-99,163,-68
8820,-4204,3680,-6762,138,911,604,-98,164,-69
8830,-4452,4332,-7090,142,901,545,-97,164,-69
8840,-4546,4184,-7616,139,875,562,-97,165,-71
8850,-4874,3834,-7438,147,846,570,-96,165,-72
8860,-4948,3662,-6954,137,872,582,-97,164,-72
8870,-4150,3924,-7392,151,898,634,-98,164,-74
8880,-4134,4108,-7040,164,904,618,-97,165,-73
8890,-3636,4582,-7170,152,970,624,-96,164,-74
8900,-3780,4708,-7158,145,978,559,-95,168,-75
8910,-3940,4856,-8218,126,935,573,-93,166,-76
8920,-3832,4034,-7868,150,911,612,-97,167,-75
8930,-3516,4128,-7602,160,894,601,-94,167,-79
8940,-3084,4230,-7454,140,934,583,-93,167,-78
8950,-3242,4354,-7378,157,952,601,-92,167,-79
8960,-3274,4576,-7874,165,985,647,-92,168,-80
8970,-3414,4462,-8070,165,978,621,-91,170,-80
8980,-3422,4566,-7860,138,982,585,-90,170,-83
8990,-2914,4480,-7554,130,960,561,-91,169,-82
9000,-2544,4242,-7908,150,947,617,-89,169,-82
9010,-2554,4144,-8012,186,933,667,-91,172,-84
9020,-2542,4428,-8024,169,926,632,-90,170,-86
9030,-2658,4946,-8590,144,919,592,-88,172,-85
9040,-2444,4998,-8326,142,866,558,-89,171,-86
9050,-2348,4362,-7256,134,870,532,-89,172,-85
9060,-2278,4050,-7564,138,898,561,-89,173,-89
9070,-2560,3890,-7728,139,891,561,-88,170,-86
9080,-2234,4202,-8168,123,928,581,-86,173,-87
9090,-2044,4498,-7922,149,923,605,-86,172,-85
9100,-2070,4708,-7954,152,921,625,-85,172,-89
9110,-1842,4668,-7950,142,912,598,-83,172,-89
9120,-2020,4622,-8190,132,913,586,-85,173,-90
9130,-2126,4228,-8562,147,895,591,-82,175,-91
9140,-1794,4250,-8388,162,895,605,-82,175,-93
9150,-1438,4366,-8308,152,864,584,-81,174,-92
9160,-1240,4680,-7866,150,858,549,-83,175,-96
9170,-914,4556,-7452,138,912,556,-80,174,-94
9180,-900,4708,-7882,143,937,590,-80,177,-94
9190,-1356,4398,-8656,150,959,587,-80,174,-92
9200,-1308,4006,-8882,154,942,591,-79,176,-97
9210,-1304,3774,-8782,152,934,570,-77,176,-97
9220,-576,3956,-8250,169,944,615,-76,176,-96
9230,-540,4436,-8120,163,939,601,-77,178,-98
9240,-854,4888,-8466,145,978,644,-74,177,-97
9250,-264,4586,-8304,165,954,642,-76,177,-100
9260,-270,4668,-8406,155,961,658,-73,178,-98
9270,-674,4396,-8946,160,926,644,-73,175,-97
9280,62,4356,-8322,165,939,625,-73,177,-100
9290,-62,4812,-8478,154,930,594,-72,177,-102
9300,68,4942,-8720,143,928,573,-71,178,-102
9310,136,4794,-8746,125,897,542,-70,180,-100
9320,-48,4860,-8600,127,882,563,-68,177,-102
9330,236,4486,-8496,149,878,575,-70,177,-102
9340,190,4314,-8562,166,901,583,-68,179,-102
9350,254,3862,-8380,167,902,583,-66,179,-102
9360,366,3796,-8680,143,912,549,-65,177,-103
9370,508,4018,-8272,120,910,556,-65,177,-102
9380,498,4400,-8312,131,936,614,-63,181,-104
9390,812,4236,-8282,163,939,669,-64,180,-104
9400,1452,4358,-8084,163,956,635,-64,179,-105
9410,1122,4932,-8686,142,974,615,-63,179,-104
9420,1026,4648,-8888,143,946,607,-62,180,-104
9430,832,4398,-9062,162,905,600,-62,181,-107
9440,1216,4084,-8758,147,878,567,-59,180,-106
9450,1590,4478,-8520,117,842,514,-59,179,-107
9460,1666,4800,-8584,124,798,514,-57,180,-106
9470,1262,5030,-9130,134,723,476,-59,181,-106
9480,1720,5170,-9784,123,582,395,-60,182,-108
9490,1608,5618,-10618,83,382,247,-58,180,-107
9500,1666,5802,-10864,55,138,93,-56,181,-107
9510,1692,5394,-10236,27,-72,-41,-55,179,-107
9520,1728,4610,-9016,8,-192,-111,-57,180,-108
9530,1812,3786,-7644,13,-176,-98,-57,179,-109
9540,1838,3346,-6862,26,-85,-43,-57,180,-108
9550,1804,3382,-7028,50,25,21,-56,180,-107
9560,1712,3804,-7882,69,85,56,-57,178,-109
9570,1706,4466,-8918,66,76,45,-57,182,-111
9580,1540,4842,-9812,37,-8,-1,-54,179,-109
9590,1564,4828,-9620,35,-105,-46,-57,180,-108
9600,1572,4512,-8860,11,-166,-84,-55,179,-108
9610,1540,3826,-7840,18,-153,-73,-55,180,-110
9620,1524,3480,-7248,26,-97,-30,-57,182,-109
9630,1538,3530,-7118,38,-10,23,-54,180,-108
9640,1490,3930,-7730,56,56,52,-58,180,-110
9650,1434,4578,-8728,46,38,30,-58,178,-108
9660,1384,4954,-9588,46,-63,-40,-57,179,-107
9670,1358,5188,-9890,20,-198,-122,-57,182,-106
9680,1520,4986,-9372,11,-323,-203,-56,180,-107
9690,1420,4834,-9164,-13,-453,-293,-54,180,-108
9700,1266,5056,-9566,-28,-599,-398,-58,181,-109
9710,1454,5096,-10098,-40,-758,-494,-57,181,-106
9720,1454,5274,-10170,-48,-886,-575,-59,180,-107
9730,1762,5150,-9984,-92,-1027,-661,-60,180,-107
9740,1478,5048,-9576,-115,-1175,-753,-60,178,-106
9750,1534,4628,-8712,-110,-1246,-786,-61,181,-106
9760,1210,4230,-8528,-88,-1266,-788,-63,179,-104
9770,1146,3884,-7980,-106,-1231,-752,-61,179,-106
9780,1360,4030,-7790,-106,-1204,-726,-63,180,-101
9790,1344,4074,-7930,-101,-1122,-687,-67,181,-104
9800,794,4302,-7978,-79,-1038,-661,-68,180,-104
9810,814,4460,-8098,-100,-1042,-677,-65,177,-103
9820,722,4600,-8330,-107,-1051,-667,-69,179,-102
9830,446,4518,-8012,-101,-1026,-636,-68,179,-102
9840,18,4324,-7900,-72,-1002,-596,-70,179,-100
9850,-348,3988,-7962,-51,-979,-564,-68,180,-101
9860,-128,4330,-8310,-56,-941,-562,-70,177,-101
9870,-542,4550,-8760,-68,-933,-582,-70,176,-99
9880,-746,4650,-8630,-75,-970,-592,-71,176,-98
9890,-692,4466,-8408,-68,-972,-590,-74,177,-98
9900,-1026,4672,-8378,-59,-1001,-602,-76,179,-100
9910,-1074,4524,-8218,-60,-966,-596,-74,179,-98
9920,-768,4392,-7852,-50,-915,-589,-76,177,-100
9930,-808,4328,-7746,-66,-859,-589,-75,177,-99
9940,-656,4380,-8122,-57,-837,-598,-77,176,-95
9950,-974,4746,-8898,-56,-883,-595,-76,174,-97
9960,-830,5026,-9138,-83,-955,-635,-76,174,-95
9970,-822,4830,-8870,-82,-989,-625,-80,176,-95
9980,-1198,4274,-7982,-75,-973,-589,-81,176,-96
9990,-1122,3812,-7870,-66,-935,-578,-77,174,-93
